{
    "+tweakers": [
        "optifine.OptiFineForgeTweaker",
	"me.eldodebug.soar.injection.mixin.GlideTweaker"
    ],
    "formatVersion": 1,
    "libraries": [
        {
            "name": "me.eldodebug:GlideClient:7201",
            "url": "https://glideclient.github.io/data/libs/",
            "sha1": "0173c4b06500ada086c2812b40751991318a28e4"
        },
    	{
      	    "name": "me.eldodebug:Optifine:Release",
            "url": "https://glideclient.github.io/data/libs/",
            "sha1": "0bb792be16ec78d8b62586cc4856950befb3391b"
    	},
        {
            "name": "net.minecraft:launchwrapper:1.12"
        },
        {
            "name": "org.ow2.asm:asm-all:5.0.3"
        }
    ],
    "mainClass": "net.minecraft.launchwrapper.Launch",
    "name": "GlideClient",
    "releaseTime": "2017-06-08T04:26:33+00:00",
    "requires": [
        {
            "equals": "1.8.9",
            "uid": "net.minecraft"
        }
    ],
    "uid": "me.eldodebug",
    "version": "7201"
}
