{
    "components": [
        {
            "cachedName": "LWJGL 2",
            "cachedVersion": "2.9.4-nightly-20150209",
            "dependencyOnly": true,
            "uid": "org.lwjgl",
            "version": "2.9.4-nightly-20150209"
        },
        {
            "cachedName": "Minecraft",
            "cachedRequires": [
                {
                    "suggests": "2.9.4-nightly-20150209",
                    "uid": "org.lwjgl"
                }
            ],
            "cachedVersion": "1.8.9",
            "important": true,
            "uid": "net.minecraft",
            "version": "1.8.9"
        },
        {
            "cachedName": "GlideClient",
            "cachedRequires": [
                {
                    "equals": "1.8.9",
                    "uid": "net.minecraft"
                }
            ],
            "cachedVersion": "7201",
            "uid": "me.eldodebug",
            "version": "7201å"
        }
    ],
    "formatVersion": 1
}
